{
	"vertices": [
		[-1.000000, -1.000000, 1.000000],
		[-1.000000, 1.000000, 1.000000],
		[-1.000000, -1.000000, -1.000000],
		[-1.000000, 1.000000, -1.000000],
		[1.000000, -1.000000, 1.000000],
		[1.000000, 1.000000, 1.000000],
		[1.000000, -1.000000, -1.000000],
		[1.000000, 1.000000, -1.000000]
	],
	"faces": [
		[2, 2, 1],
		[3, 3, 2],
		[1, 1, 3],
		[4, 4, 4],
		[7, 7, 5],
		[3, 3, 2],
		[8, 8, 6],
		[5, 5, 7],
		[7, 7, 5],
		[6, 6, 8],
		[1, 1, 9],
		[5, 5, 7],
		[7, 7, 5],
		[1, 1, 10],
		[3, 3, 11],
		[4, 4, 12],
		[6, 6, 8],
		[8, 8, 6],
		[2, 2, 1],
		[4, 4, 4],
		[3, 3, 2],
		[4, 4, 4],
		[8, 8, 6],
		[7, 7, 5],
		[8, 8, 6],
		[6, 6, 8],
		[5, 5, 7],
		[6, 6, 8],
		[2, 2, 13],
		[1, 1, 9],
		[7, 7, 5],
		[5, 5, 7],
		[1, 1, 10],
		[4, 4, 12],
		[2, 2, 14],
		[6, 6, 8]
	]
}