{
	"vertices": [
		[0.000000, -1.000000, -1.000000],
		[0.000000, 1.000000, -1.000000],
		[0.195090, -1.000000, -0.980785],
		[0.195090, 1.000000, -0.980785],
		[0.382683, -1.000000, -0.923880],
		[0.382683, 1.000000, -0.923880],
		[0.555570, -1.000000, -0.831470],
		[0.555570, 1.000000, -0.831470],
		[0.707107, -1.000000, -0.707107],
		[0.707107, 1.000000, -0.707107],
		[0.831470, -1.000000, -0.555570],
		[0.831470, 1.000000, -0.555570],
		[0.923880, -1.000000, -0.382683],
		[0.923880, 1.000000, -0.382683],
		[0.980785, -1.000000, -0.195090],
		[0.980785, 1.000000, -0.195090],
		[1.000000, -1.000000, 0.000000],
		[1.000000, 1.000000, 0.000000],
		[0.980785, -1.000000, 0.195090],
		[0.980785, 1.000000, 0.195090],
		[0.923880, -1.000000, 0.382683],
		[0.923880, 1.000000, 0.382683],
		[0.831470, -1.000000, 0.555570],
		[0.831470, 1.000000, 0.555570],
		[0.707107, -1.000000, 0.707107],
		[0.707107, 1.000000, 0.707107],
		[0.555570, -1.000000, 0.831470],
		[0.555570, 1.000000, 0.831470],
		[0.382683, -1.000000, 0.923880],
		[0.382683, 1.000000, 0.923880],
		[0.195090, -1.000000, 0.980785],
		[0.195090, 1.000000, 0.980785],
		[0.000000, -1.000000, 1.000000],
		[0.000000, 1.000000, 1.000000],
		[-0.195090, -1.000000, 0.980785],
		[-0.195090, 1.000000, 0.980785],
		[-0.382683, -1.000000, 0.923880],
		[-0.382683, 1.000000, 0.923880],
		[-0.555570, -1.000000, 0.831470],
		[-0.555570, 1.000000, 0.831470],
		[-0.707107, -1.000000, 0.707107],
		[-0.707107, 1.000000, 0.707107],
		[-0.831470, -1.000000, 0.555570],
		[-0.831470, 1.000000, 0.555570],
		[-0.923880, -1.000000, 0.382683],
		[-0.923880, 1.000000, 0.382683],
		[-0.980785, -1.000000, 0.195090],
		[-0.980785, 1.000000, 0.195090],
		[-1.000000, -1.000000, 0.000000],
		[-1.000000, 1.000000, 0.000000],
		[-0.980785, -1.000000, -0.195090],
		[-0.980785, 1.000000, -0.195090],
		[-0.923880, -1.000000, -0.382683],
		[-0.923880, 1.000000, -0.382683],
		[-0.831470, -1.000000, -0.555570],
		[-0.831470, 1.000000, -0.555570],
		[-0.707107, -1.000000, -0.707107],
		[-0.707107, 1.000000, -0.707107],
		[-0.555570, -1.000000, -0.831470],
		[-0.555570, 1.000000, -0.831470],
		[-0.382683, -1.000000, -0.923880],
		[-0.382683, 1.000000, -0.923880],
		[-0.195090, -1.000000, -0.980785],
		[-0.195090, 1.000000, -0.980785]
	],
	"faces": [
		[1, 2, 0],
		[3, 4, 2],
		[5, 6, 4],
		[7, 8, 6],
		[9, 10, 8],
		[11, 12, 10],
		[13, 14, 12],
		[15, 16, 14],
		[17, 18, 16],
		[19, 20, 18],
		[21, 22, 20],
		[23, 24, 22],
		[25, 26, 24],
		[27, 28, 26],
		[29, 30, 28],
		[31, 32, 30],
		[33, 34, 32],
		[35, 36, 34],
		[37, 38, 36],
		[39, 40, 38],
		[41, 42, 40],
		[43, 44, 42],
		[45, 46, 44],
		[47, 48, 46],
		[49, 50, 48],
		[51, 52, 50],
		[53, 54, 52],
		[55, 56, 54],
		[57, 58, 56],
		[59, 60, 58],
		[37, 21, 5],
		[61, 62, 60],
		[63, 0, 62],
		[30, 46, 62],
		[1, 3, 2],
		[3, 5, 4],
		[5, 7, 6],
		[7, 9, 8],
		[9, 11, 10],
		[11, 13, 12],
		[13, 15, 14],
		[15, 17, 16],
		[17, 19, 18],
		[19, 21, 20],
		[21, 23, 22],
		[23, 25, 24],
		[25, 27, 26],
		[27, 29, 28],
		[29, 31, 30],
		[31, 33, 32],
		[33, 35, 34],
		[35, 37, 36],
		[37, 39, 38],
		[39, 41, 40],
		[41, 43, 42],
		[43, 45, 44],
		[45, 47, 46],
		[47, 49, 48],
		[49, 51, 50],
		[51, 53, 52],
		[53, 55, 54],
		[55, 57, 56],
		[57, 59, 58],
		[59, 61, 60],
		[5, 3, 1],
		[1, 63, 61],
		[61, 59, 57],
		[57, 55, 53],
		[53, 51, 49],
		[49, 47, 45],
		[45, 43, 41],
		[41, 39, 37],
		[37, 35, 33],
		[33, 31, 29],
		[29, 27, 25],
		[25, 23, 21],
		[21, 19, 17],
		[17, 15, 13],
		[13, 11, 9],
		[9, 7, 5],
		[5, 1, 61],
		[61, 57, 53],
		[53, 49, 45],
		[45, 41, 37],
		[37, 33, 29],
		[29, 25, 21],
		[21, 17, 13],
		[13, 9, 5],
		[5, 61, 53],
		[53, 45, 37],
		[37, 29, 21],
		[21, 13, 5],
		[5, 53, 37],
		[61, 63, 62],
		[63, 1, 0],
		[62, 0, 2],
		[2, 4, 6],
		[6, 8, 10],
		[10, 12, 14],
		[14, 16, 18],
		[18, 20, 22],
		[22, 24, 26],
		[26, 28, 30],
		[30, 32, 34],
		[34, 36, 38],
		[38, 40, 42],
		[42, 44, 46],
		[46, 48, 50],
		[50, 52, 54],
		[54, 56, 58],
		[58, 60, 62],
		[62, 2, 6],
		[6, 10, 14],
		[14, 18, 22],
		[22, 26, 30],
		[30, 34, 38],
		[38, 42, 46],
		[46, 50, 54],
		[54, 58, 62],
		[62, 6, 14],
		[14, 22, 30],
		[30, 38, 46],
		[46, 54, 62],
		[62, 14, 30]
	]
}